{
    "Ar36": {
        "error": 0.0007364711180447446, 
        "filter_outliers_dict": {
            "filter_outliers": true, 
            "iterations": 2, 
            "std_devs": 2
        }, 
        "fit": "Parabolic", 
        "value": 0.12057159040337914
    }, 
    "Ar37": {
        "error": 0.01174093856325531, 
        "filter_outliers_dict": {
            "filter_outliers": true, 
            "iterations": 2, 
            "std_devs": 2
        }, 
        "fit": "linear", 
        "value": 0.023428732459982275
    }, 
    "Ar38": {
        "error": 0.012311719620381596, 
        "filter_outliers_dict": {
            "filter_outliers": true, 
            "iterations": 2, 
            "std_devs": 2
        }, 
        "fit": "linear", 
        "value": 1.0105691659445428
    }, 
    "Ar39": {
        "error": 0.03130145002968473, 
        "filter_outliers_dict": {
            "filter_outliers": true, 
            "iterations": 2, 
            "std_devs": 2
        }, 
        "fit": "Parabolic", 
        "value": 86.05848731368886
    }, 
    "Ar40": {
        "error": 0.22595491304598148, 
        "filter_outliers_dict": {
            "filter_outliers": true, 
            "iterations": 2, 
            "std_devs": 2
        }, 
        "fit": "Parabolic", 
        "value": 2212.5134102720376
    }
}