{
    "Ar36": {
        "error": 0.0006033706443959523, 
        "filter_outliers_dict": {
            "filter_outliers": true, 
            "iterations": 2, 
            "std_devs": 2
        }, 
        "fit": "Parabolic", 
        "value": 0.07401699542195343
    }, 
    "Ar37": {
        "error": 0.01149067667186131, 
        "filter_outliers_dict": {
            "filter_outliers": true, 
            "iterations": 2, 
            "std_devs": 2
        }, 
        "fit": "linear", 
        "value": 0.064407321080591
    }, 
    "Ar38": {
        "error": 0.013611449029802844, 
        "filter_outliers_dict": {
            "filter_outliers": true, 
            "iterations": 2, 
            "std_devs": 2
        }, 
        "fit": "linear", 
        "value": 0.21555218582708732
    }, 
    "Ar39": {
        "error": 0.024633358772993455, 
        "filter_outliers_dict": {
            "filter_outliers": true, 
            "iterations": 2, 
            "std_devs": 2
        }, 
        "fit": "Parabolic", 
        "value": 23.717624345507474
    }, 
    "Ar40": {
        "error": 0.05722207315143193, 
        "filter_outliers_dict": {
            "filter_outliers": true, 
            "iterations": 2, 
            "std_devs": 2
        }, 
        "fit": "Parabolic", 
        "value": 590.3419821763114
    }
}